{"base_lenses":[{"type":"poly","id":0,"name":"graphical element","locked":false,"x":[9,0,0,9],"y":[27,27,3,3],"centx":3.6,"centy":12,"group":3,"checked":true,"included":true,"processed":true,"area":216},{"type":"poly","id":1,"name":"text (title)","locked":false,"x":[11.73009508534769,138.98671096345515,138.9867109634552,12.21239546339787],"y":[2.836292817046626,2.353992438996448,34.96460075610035,34.96460075610035],"centx":61.17897811891397,"centy":14.179871692060939,"group":6,"checked":true,"included":true,"processed":true,"area":4048},{"type":"poly","id":2,"name":"text (paragraph)","locked":false,"x":[17.553098865849467,242.68140680490322,245.4939148168474,17.07079848779929],"y":[33,32.03539924389964,54.00254662180735,54.11526554868876],"centx":105.39980474384984,"centy":34.98830285359895,"group":7,"checked":true,"included":true,"processed":true,"area":4870.5},{"type":"poly","id":3,"name":"text (axis Label)","locked":false,"x":[13.623897353648758,33,33,13.623897353648758],"y":[118,118,303,303],"centx":18.311948676824375,"centy":168.4,"group":9,"checked":true,"included":true,"processed":true,"area":3700},{"type":"poly","id":4,"name":"axis","locked":false,"x":[34,54,54,34.85188182921894],"y":[64,64,365,365],"centx":35.41297045730474,"centy":171.59999999999997,"group":2,"checked":true,"included":true,"processed":true,"area":6020},{"type":"poly","id":5,"name":"axis","locked":false,"x":[40.47608846419591,574.106197731699,574.106197731699,43.88361578107167],"y":[355,355,380,381.7037636584379],"centx":244.7430249271661,"centy":294.42594091460944,"group":2,"checked":true,"included":true,"processed":true,"area":13579.5},{"type":"poly","id":6,"name":"text (axis Label)","locked":false,"x":[189,441,441,189],"y":[381,381,398,398],"centx":252,"centy":311.6,"group":9,"checked":true,"included":true,"processed":true,"area":4284},{"type":"poly","id":7,"name":"text (source)","locked":false,"x":[19,178,178,18.14811817078106],"y":[402,402,417.7037636584379,418.5556454876568],"centx":78.58702954269526,"centy":328.2648522865236,"group":8,"checked":true,"included":true,"processed":true,"area":2472},{"type":"poly","id":8,"name":"text (paragraph)","locked":false,"x":[305.14811817078106,576.7037636584379,577.5556454876569,306],"y":[397.4443545123432,397.4443545123432,418.2594091460947,417.40752731687576],"centx":353.251881829219,"centy":326.2389113719143,"group":7,"checked":true,"included":true,"processed":true,"area":5555},{"type":"poly","id":9,"name":"data","locked":false,"x":[52.29623634156212,577,577,54],"y":[55.333063537029545,50.22177256171591,354,354],"centx":251.9740590853905,"centy":161.68870902468623,"group":10,"checked":true,"included":true,"processed":true,"area":157988.5},{"type":"poly","id":10,"name":"text (label)","locked":false,"x":[107,168,168,107],"y":[206,206,218,218],"centx":110,"centy":169.6,"group":9,"checked":true,"included":true,"processed":true,"area":732},{"type":"poly","id":11,"name":"text (label)","locked":false,"x":[230,276,276,230],"y":[231,231,250,250],"centx":202.4,"centy":192.4,"group":9,"checked":true,"included":true,"processed":true,"area":874},{"type":"poly","id":12,"name":"text (label)","locked":false,"x":[170,206,206,170],"y":[268,268,285,285],"centx":150.4,"centy":221.2,"group":9,"checked":true,"included":true,"processed":true,"area":612},{"type":"poly","id":13,"name":"text (label)","locked":false,"x":[179,241,241,179],"y":[306,306,320,320],"centx":168,"centy":250.4,"group":9,"checked":true,"included":true,"processed":true,"area":868},{"type":"poly","id":14,"name":"text (label)","locked":false,"x":[163,203,203,163],"y":[333,333,348,348],"centx":146.4,"centy":272.4,"group":9,"checked":true,"included":true,"processed":true,"area":600},{"type":"poly","id":15,"name":"text (label)","locked":false,"x":[234,271,271,234],"y":[273,273,286,286],"centx":202,"centy":223.6,"group":9,"checked":true,"included":true,"processed":true,"area":481},{"type":"poly","id":16,"name":"text (label)","locked":false,"x":[276,307,307,276],"y":[300,300,319,319],"centx":233.2,"centy":247.6,"group":9,"checked":true,"included":true,"processed":true,"area":589},{"type":"poly","id":17,"name":"text (label)","locked":false,"x":[280,321,321,280],"y":[263,263,277,277],"centx":240.4,"centy":216,"group":9,"checked":true,"included":true,"processed":true,"area":574},{"type":"poly","id":18,"name":"text (label)","locked":false,"x":[295,336,336,295],"y":[238,238,253,253],"centx":252.4,"centy":196.4,"group":9,"checked":true,"included":true,"processed":true,"area":615},{"type":"poly","id":19,"name":"text (label)","locked":false,"x":[338,413,413,338],"y":[304,304,320,320],"centx":300.4,"centy":249.6,"group":9,"checked":true,"included":true,"processed":true,"area":1200},{"type":"poly","id":20,"name":"text (label)","locked":false,"x":[354,399,399,354],"y":[277,277,293,293],"centx":301.2,"centy":228,"group":9,"checked":true,"included":true,"processed":true,"area":720},{"type":"poly","id":21,"name":"text (label)","locked":false,"x":[360,391,391,360],"y":[262,262,277,277],"centx":300.4,"centy":215.6,"group":9,"checked":true,"included":true,"processed":true,"area":465},{"type":"poly","id":22,"name":"text (label)","locked":false,"x":[411,440,440,411],"y":[265,265,281,281],"centx":340.4,"centy":218.4,"group":9,"checked":true,"included":true,"processed":true,"area":464},{"type":"poly","id":23,"name":"text (label)","locked":false,"x":[342,378,378,342],"y":[209,209,221,221],"centx":288,"centy":172,"group":9,"checked":true,"included":true,"processed":true,"area":432},{"type":"poly","id":24,"name":"text (label)","locked":false,"x":[382,415,415,382],"y":[214,214,227,227],"centx":318.8,"centy":176.4,"group":9,"checked":true,"included":true,"processed":true,"area":429},{"type":"poly","id":25,"name":"text (label)","locked":false,"x":[409,469,469,409],"y":[200,200,213,213],"centx":351.2,"centy":165.2,"group":9,"checked":true,"included":true,"processed":true,"area":780},{"type":"poly","id":26,"name":"text (label)","locked":false,"x":[471,540,540,471],"y":[171,171,185,185],"centx":404.4,"centy":142.4,"group":9,"checked":true,"included":true,"processed":true,"area":966},{"type":"poly","id":27,"name":"text (label)","locked":false,"x":[473,535,535,473],"y":[77,77,93,93],"centx":403.2,"centy":68,"group":9,"checked":true,"included":true,"processed":true,"area":992},{"type":"poly","id":28,"name":"text (label)","locked":false,"x":[497,536,536,497],"y":[230,230,248,248],"centx":413.2,"centy":191.2,"group":9,"checked":true,"included":true,"processed":true,"area":702},{"type":"poly","id":29,"name":"text (label)","locked":false,"x":[435,470,470,435],"y":[230,230,244,244],"centx":362,"centy":189.6,"group":9,"checked":true,"included":true,"processed":true,"area":490},{"type":"poly","id":30,"name":"annotation","locked":false,"x":[339,339],"y":[281,304],"centx":226,"centy":195,"group":1,"checked":true,"included":true,"processed":true,"area":0},{"type":"poly","id":31,"name":"annotation","locked":false,"x":[361,361],"y":[234,223],"centx":240.66666666666666,"centy":152.33333333333334,"group":1,"checked":true,"included":true,"processed":true,"area":0},{"type":"poly","id":32,"name":"annotation","locked":false,"x":[397,398],"y":[229,239],"centx":265,"centy":156,"group":1,"checked":true,"included":true,"processed":true,"area":0},{"type":"poly","id":33,"name":"annotation","locked":false,"x":[501,502],"y":[185,196],"centx":334.3333333333333,"centy":127,"group":1,"checked":true,"included":true,"processed":true,"area":0}],"order_lenses":[33,30,32,31,5,4,0,1,2,8,7,6,3,10,11,12,13,14,15,16,17,18,19,20,21,22,23,24,25,26,27,28,29,9],"selected_lens":9,"building_lens_id":-1,"selected_lensegroup":10}