t	x	y	dt	annotation	annotation	annotation	annotation	axis	axis	graphical element	text (title)	text (paragraph)	text (paragraph)	text (source)	text (axis Label)	text (axis Label)	text (label)	text (label)	text (label)	text (label)	text (label)	text (label)	text (label)	text (label)	text (label)	text (label)	text (label)	text (label)	text (label)	text (label)	text (label)	text (label)	text (label)	text (label)	text (label)	text (label)	data	hit_aoi_index	hit_aoi_group_index
0	126	383	200	false	false	false	false	false	false	false	false	false	false	false	false	false	false	false	false	false	false	false	false	false	false	false	false	false	false	false	false	false	false	false	false	false	false	-1	-1
200	236	252	200	false	false	false	false	false	false	false	false	false	false	false	false	false	false	false	false	false	false	false	false	false	false	false	false	false	false	false	false	false	false	false	false	false	true	33	7
400	56	75	200	false	false	false	false	false	false	false	false	false	false	false	false	false	false	false	false	false	false	false	false	false	false	false	false	false	false	false	false	false	false	false	false	false	true	33	7
600	192	52	200	false	false	false	false	false	false	false	false	true	false	false	false	false	false	false	false	false	false	false	false	false	false	false	false	false	false	false	false	false	false	false	false	false	false	8	4
800	170	62	200	false	false	false	false	false	false	false	false	false	false	false	false	false	false	false	false	false	false	false	false	false	false	false	false	false	false	false	false	false	false	false	false	false	true	33	7
1000	94	77	200	false	false	false	false	false	false	false	false	false	false	false	false	false	false	false	false	false	false	false	false	false	false	false	false	false	false	false	false	false	false	false	false	false	true	33	7
1200	127	74	200	false	false	false	false	false	false	false	false	false	false	false	false	false	false	false	false	false	false	false	false	false	false	false	false	false	false	false	false	false	false	false	false	false	true	33	7
1400	196	83	200	false	false	false	false	false	false	false	false	false	false	false	false	false	false	false	false	false	false	false	false	false	false	false	false	false	false	false	false	false	false	false	false	false	true	33	7
1600	65	315	200	false	false	false	false	false	false	false	false	false	false	false	false	false	false	false	false	false	false	false	false	false	false	false	false	false	false	false	false	false	false	false	false	false	true	33	7
1800	255	369	200	false	false	false	false	true	false	false	false	false	false	false	false	false	false	false	false	false	false	false	false	false	false	false	false	false	false	false	false	false	false	false	false	false	false	4	1
2000	325	400	200	false	false	false	false	false	false	false	false	false	true	false	false	false	false	false	false	false	false	false	false	false	false	false	false	false	false	false	false	false	false	false	false	false	false	9	4
2200	319	389	200	false	false	false	false	false	false	false	false	false	false	false	true	false	false	false	false	false	false	false	false	false	false	false	false	false	false	false	false	false	false	false	false	false	false	11	6
2400	242	386	200	false	false	false	false	false	false	false	false	false	false	false	true	false	false	false	false	false	false	false	false	false	false	false	false	false	false	false	false	false	false	false	false	false	false	11	6
2600	280	384	200	false	false	false	false	false	false	false	false	false	false	false	true	false	false	false	false	false	false	false	false	false	false	false	false	false	false	false	false	false	false	false	false	false	false	11	6
2800	269	402	200	false	false	false	false	false	false	false	false	false	false	false	false	false	false	false	false	false	false	false	false	false	false	false	false	false	false	false	false	false	false	false	false	false	false	-1	-1
3000	309	408	200	false	false	false	false	false	false	false	false	false	true	false	false	false	false	false	false	false	false	false	false	false	false	false	false	false	false	false	false	false	false	false	false	false	false	9	4
3200	238	386	200	false	false	false	false	false	false	false	false	false	false	false	true	false	false	false	false	false	false	false	false	false	false	false	false	false	false	false	false	false	false	false	false	false	false	11	6
