t	x	y	dt	axis	axis	axis	graphical element	legend	text (title)	text (paragraph)	text (paragraph)	text (source)	text (axis Label)	data	hit_aoi_index	hit_aoi_group_index
0	277	191	241	false	false	false	false	false	false	false	false	false	false	true	10	7
241	501	191	160	false	false	false	false	false	false	false	false	false	false	true	10	7
401	193	95	290	false	false	false	false	false	false	false	false	false	false	true	10	7
691	64	63	270	false	false	false	false	true	false	false	false	false	false	false	4	2
961	390	241	196	false	false	false	false	false	false	false	false	false	false	true	10	7
1157	352.9416445623342	349.0397877984085	377	false	false	true	false	false	false	false	false	false	false	false	2	0
1534	139	310	227	false	false	false	false	false	false	false	false	false	false	true	10	7
1761	518	250	172	false	false	false	false	false	false	false	false	false	false	true	10	7
1933	582	257	420	false	false	false	false	false	false	false	false	false	false	false	-1	-1
2353	356	164	235	false	false	false	false	false	false	false	false	false	false	true	10	7
2588	58	118	214	false	false	false	false	false	false	false	false	false	false	true	10	7
2802	73	29	235	false	false	false	false	false	true	false	false	false	false	false	5	3
3037	551.6388261851016	55.25507900677201	443	false	false	false	false	false	false	false	false	false	true	false	9	6
3480	137	31	291	false	false	false	false	false	true	false	false	false	false	false	5	3
3771	32.022624434389144	34	442	false	false	false	false	false	false	false	false	false	false	false	-1	-1
4213	74	28	162	false	false	false	false	false	true	false	false	false	false	false	5	3
4375	107	19	176	false	false	false	false	false	true	false	false	false	false	false	5	3
4551	140	26	235	false	false	false	false	false	true	false	false	false	false	false	5	3
4786	197	23	192	false	false	false	false	false	true	false	false	false	false	false	5	3
4978	218	25	238	false	false	false	false	false	true	false	false	false	false	false	5	3
5216	243	21	97	false	false	false	false	false	true	false	false	false	false	false	5	3
5313	464	63	151	false	false	false	false	true	false	false	false	false	false	false	4	2
5464	206	31	171	false	false	false	false	false	true	false	false	false	false	false	5	3
5635	261	34	242	false	false	false	false	false	false	false	false	false	false	false	-1	-1
5877	41	62	299	false	false	false	false	true	false	false	false	false	false	false	4	2
6176	19	52	280	false	false	false	false	false	false	true	false	false	false	false	6	4
6456	51	45	219	false	false	false	false	false	false	true	false	false	false	false	6	4
6675	100	42	322	false	false	false	false	false	false	true	false	false	false	false	6	4
6997	60	51	301	false	false	false	false	false	false	true	false	false	false	false	6	4
7298	119	52	292	false	false	false	false	false	false	true	false	false	false	false	6	4
7590	457	88	865	false	false	false	false	false	false	false	false	false	false	true	10	7
