t	x	y	dt	axis	axis	axis	graphical element	legend	text (title)	text (paragraph)	text (paragraph)	text (source)	text (axis Label)	data	hit_aoi_index	hit_aoi_group_index
0	184	76	133	false	false	false	false	true	false	false	false	false	false	false	4	2
133	12.183953033268102	53.09784735812133	511	false	false	false	false	false	false	false	false	false	false	false	-1	-1
644	48	44	435	false	false	false	false	false	false	true	false	false	false	false	6	4
1079	89.3342776203966	42.28045325779037	353	false	false	false	false	false	false	true	false	false	false	false	6	4
1432	141	32	301	false	false	false	false	false	true	false	false	false	false	false	5	3
1733	193	28	361	false	false	false	false	false	true	false	false	false	false	false	5	3
2094	123	34	251	false	false	false	false	false	false	false	false	false	false	false	-1	-1
2345	84	29	202	false	false	false	false	false	true	false	false	false	false	false	5	3
2547	173	23	177	false	false	false	false	false	true	false	false	false	false	false	5	3
2724	200	18	158	false	false	false	false	false	true	false	false	false	false	false	5	3
2882	242	19	243	false	false	false	false	false	true	false	false	false	false	false	5	3
3125	530	34	300	false	false	false	false	false	false	false	false	false	false	false	-1	-1
3425	551	110	169	true	false	false	false	false	false	false	false	false	false	false	0	0
3594	543	267	177	false	false	false	false	false	false	false	false	false	false	true	10	7
3771	504.74747474747477	365.27272727272725	198	false	false	false	false	false	false	false	false	false	false	false	-1	-1
3969	373.5	374.25	132	false	false	false	false	false	false	false	false	false	false	false	-1	-1
4101	202	172	181	false	false	false	false	false	false	false	false	false	false	true	10	7
4282	334	186	104	false	false	false	false	false	false	false	false	false	false	true	10	7
4386	453	242	120	false	false	false	false	false	false	false	false	false	false	true	10	7
4506	235	202	100	false	false	false	false	false	false	false	false	false	false	true	10	7
4606	11	281	194	false	false	false	false	false	false	false	false	false	false	false	-1	-1
4800	484	177	183	false	false	false	false	false	false	false	false	false	false	true	10	7
4983	547	153	89	false	false	false	false	false	false	false	false	false	false	true	10	7
5072	544	104	249	false	false	false	false	false	false	false	false	false	false	true	10	7
5321	540.2205438066466	53.68277945619335	331	false	false	false	false	false	false	false	false	false	true	false	9	6
5652	95	82	229	false	false	false	false	false	false	false	false	false	false	true	10	7
5881	240	85	193	false	false	false	false	false	false	false	false	false	false	true	10	7
6074	428	160	113	false	false	false	false	false	false	false	false	false	false	true	10	7
6187	230	87	201	false	false	false	false	false	false	false	false	false	false	true	10	7
6388	449	70	408	false	false	false	false	true	false	false	false	false	false	false	4	2
6796	532	63	183	false	false	false	false	false	false	false	false	false	true	false	9	6
6979	560	67	216	false	false	false	false	false	false	false	false	false	true	false	9	6
