t	x	y	dt	axis	axis	axis	graphical element	legend	text (title)	text (paragraph)	text (paragraph)	text (source)	text (axis Label)	data	hit_aoi_index	hit_aoi_group_index
0	117	57	83	false	false	false	false	true	false	false	false	false	false	false	4	2
83	20.256756756756758	15.108108108108109	888	false	false	false	false	false	true	false	false	false	false	false	5	3
971	61	7	341	false	false	false	false	false	false	false	false	false	false	false	-1	-1
1312	106	9	266	false	false	false	false	false	true	false	false	false	false	false	5	3
1578	158	6	185	false	false	false	false	false	false	false	false	false	false	false	-1	-1
1763	192	8	346	false	false	false	false	false	true	false	false	false	false	false	5	3
2109	212	11	126	false	false	false	false	false	true	false	false	false	false	false	5	3
2235	166	14	229	false	false	false	false	false	true	false	false	false	false	false	5	3
2464	9	8	218	false	false	false	false	false	false	false	false	false	false	false	-1	-1
2682	56	4	209	false	false	false	false	false	false	false	false	false	false	false	-1	-1
2891	96	9	145	false	false	false	false	false	true	false	false	false	false	false	5	3
3036	38	368	158	false	false	false	false	false	false	false	false	true	false	false	8	5
3194	4	378	379	false	false	false	false	false	false	false	false	false	false	false	-1	-1
3573	74	375	207	false	false	false	false	false	false	false	false	true	false	false	8	5
3780	131.16860465116278	377.5174418604651	172	false	false	false	false	false	false	false	false	true	false	false	8	5
3952	27	128	92	false	true	false	false	false	false	false	false	false	false	false	1	0
4044	36	70	292	false	false	false	false	true	false	false	false	false	false	false	4	2
4336	11.462025316455696	53.5126582278481	632	false	false	false	false	false	false	false	false	false	false	false	-1	-1
4968	85	53	135	false	false	false	false	true	false	true	false	false	false	false	4	2
5103	129	187	203	false	false	false	false	false	false	false	false	false	false	true	10	7
5306	458	143	211	false	false	false	false	false	false	false	false	false	false	true	10	7
5517	530	136	163	false	false	false	false	false	false	false	false	false	false	true	10	7
5680	523	367	134	false	false	false	false	false	false	false	false	false	false	false	-1	-1
5814	536	383	96	false	false	false	false	false	false	false	false	false	false	false	-1	-1
5910	77	374	229	false	false	false	false	false	false	false	false	true	false	false	8	5
6139	30	358	128	false	false	false	false	false	false	false	false	false	false	false	-1	-1
6267	507.57142857142856	363.7142857142857	182	false	false	true	false	false	false	false	false	false	false	false	2	0
6449	102	108	129	false	false	false	false	false	false	false	false	false	false	true	10	7
6578	15	93	224	false	false	false	false	false	false	false	false	false	false	false	-1	-1
6802	39	348	158	false	false	false	false	false	false	false	false	false	false	false	-1	-1
6960	527.0120120120121	90.15015015015015	333	false	false	false	false	false	false	false	false	false	false	true	10	7
7293	533.2413793103449	151.82375478927204	261	false	false	false	false	false	false	false	false	false	false	true	10	7
7554	503	137	112	false	false	false	false	false	false	false	false	false	false	true	10	7
7666	531	81	146	false	false	false	false	false	false	false	false	false	false	false	-1	-1
