t	x	y	dt	axis	axis	axis	graphical element	legend	text (title)	text (paragraph)	text (paragraph)	text (source)	text (axis Label)	data	hit_aoi_index	hit_aoi_group_index
0	249	98	157	false	false	false	false	false	false	false	false	false	false	true	10	7
157	120	51	183	false	false	false	false	false	false	true	false	false	false	false	6	4
340	37.50693069306931	38.67524752475248	505	false	false	false	false	false	false	true	false	false	false	false	6	4
845	73	37	219	false	false	false	false	false	false	true	false	false	false	false	6	4
1064	150	35	215	false	false	false	false	false	false	true	false	false	false	false	6	4
1279	201	30	162	false	false	false	false	false	true	false	false	false	false	false	5	3
1441	235	38	269	false	false	false	false	false	false	false	false	false	false	false	-1	-1
1710	525.0769230769231	58.96923076923077	260	false	false	false	false	false	false	false	false	false	true	false	9	6
1970	516	158	228	false	false	false	false	false	false	false	false	false	false	true	10	7
2198	554	163	268	true	false	false	false	false	false	false	false	false	false	false	0	0
2466	437	56	226	false	false	false	false	true	false	false	false	false	false	false	4	2
2692	189	70	138	false	false	false	false	true	false	false	false	false	false	false	4	2
2830	71	72	434	false	false	false	false	true	false	false	false	false	false	false	4	2
3264	28	79	406	false	true	false	false	false	false	false	false	false	false	false	1	0
3670	100	72	296	false	false	false	false	true	false	false	false	false	false	false	4	2
3966	199	66	106	false	false	false	false	true	false	false	false	false	false	false	4	2
4072	371	71	204	false	false	false	false	true	false	false	false	false	false	false	4	2
4276	144	33	166	false	false	false	false	false	true	false	false	false	false	false	5	3
4442	110	37	322	false	false	false	false	false	false	true	false	false	false	false	6	4
4764	27	40	324	false	false	false	false	false	false	true	false	false	false	false	6	4
5088	70	38	155	false	false	false	false	false	false	true	false	false	false	false	6	4
5243	217	28	85	false	false	false	false	false	true	false	false	false	false	false	5	3
5328	195	32	111	false	false	false	false	false	true	false	false	false	false	false	5	3
5439	107	190	102	false	false	false	false	false	false	false	false	false	false	true	10	7
5541	462	172	381	false	false	false	false	false	false	false	false	false	false	true	10	7
5922	519	52	289	false	false	false	false	false	false	false	false	false	true	false	9	6
6211	542	54	136	false	false	false	false	false	false	false	false	false	true	false	9	6
6347	517	88	710	false	false	false	false	false	false	false	false	false	false	true	10	7
