t	x	y	dt	axis	axis	axis	graphical element	legend	text (title)	text (paragraph)	text (paragraph)	text (source)	text (axis Label)	data	hit_aoi_index	hit_aoi_group_index
0	219	76	114	false	false	false	false	true	false	false	false	false	false	false	4	2
114	41.861614497528834	28.373970345963755	607	false	false	false	false	false	true	false	false	false	false	false	5	3
721	18	26	265	false	false	false	false	false	true	false	false	false	false	false	5	3
986	54	18	123	false	false	false	false	false	true	false	false	false	false	false	5	3
1109	83	6	655	false	false	false	false	false	false	false	false	false	false	false	-1	-1
1764	57.73516642547033	2.959479015918958	691	false	false	false	false	false	false	false	false	false	false	false	-1	-1
2455	515	23	108	false	false	false	false	false	false	false	false	false	false	false	-1	-1
2563	538	26	220	false	false	false	false	false	false	false	false	false	false	false	-1	-1
2783	67	36	332	false	false	false	false	false	false	true	false	false	false	false	6	4
3115	34	27	310	false	false	false	false	false	true	false	false	false	false	false	5	3
3425	32	51	469	false	false	false	false	false	false	true	false	false	false	false	6	4
3894	139	39	324	false	false	false	false	false	false	true	false	false	false	false	6	4
4218	229	22	193	false	false	false	false	false	true	false	false	false	false	false	5	3
4411	190	31	326	false	false	false	false	false	true	false	false	false	false	false	5	3
4737	336	22	244	false	false	false	false	false	false	false	false	false	false	false	-1	-1
4981	409	18	276	false	false	false	false	false	false	false	false	false	false	false	-1	-1
5257	458	16	162	false	false	false	false	false	false	false	false	false	false	false	-1	-1
5419	536	93	201	false	false	false	false	false	false	false	false	false	false	true	10	7
5620	514	288	159	false	false	false	false	false	false	false	false	false	false	true	10	7
5779	576	364	252	false	false	false	false	false	false	false	false	false	false	false	-1	-1
6031	48	347	193	false	false	false	false	false	false	false	false	false	false	false	-1	-1
6224	452	223	137	false	false	false	false	false	false	false	false	false	false	true	10	7
6361	268	27	254	false	false	false	false	false	true	false	false	false	false	false	5	3
6615	193	17.923664122137403	131	false	false	false	false	false	true	false	false	false	false	false	5	3
