t	x	y	dt	axis	axis	axis	graphical element	legend	text (title)	text (paragraph)	text (paragraph)	text (source)	text (axis Label)	data	hit_aoi_index	hit_aoi_group_index
0	289	183	81	false	false	false	false	false	false	false	false	false	false	true	10	7
81	31	14	283	false	false	false	false	false	true	false	false	false	false	false	5	3
364	152	12	203	false	false	false	false	false	true	false	false	false	false	false	5	3
567	188	9	266	false	false	false	false	false	true	false	false	false	false	false	5	3
833	222	15	355	false	false	false	false	false	true	false	false	false	false	false	5	3
1188	548	61	291	false	false	false	false	false	false	false	false	false	true	false	9	6
1479	578	106	157	true	false	false	false	false	false	false	false	false	false	false	0	0
1636	64	81	181	false	false	false	false	false	false	false	false	false	false	false	-1	-1
1817	15	74	150	false	false	false	false	false	false	false	false	false	false	false	-1	-1
1967	79	339	183	false	false	false	false	false	false	false	false	false	false	true	10	7
2150	52	383	282	false	false	false	false	false	false	false	false	false	false	false	-1	-1
2432	34	356	179	false	false	false	false	false	false	false	false	false	false	false	-1	-1
2611	548.7368421052631	365.7485380116959	171	false	false	false	false	false	false	false	true	false	false	false	7	4
2782	528	207	222	false	false	false	false	false	false	false	false	false	false	true	10	7
3004	287	53	168	false	false	false	false	true	false	false	false	false	false	false	4	2
3172	233	320	174	false	false	false	false	false	false	false	false	false	false	true	10	7
3346	32.53392857142857	29.339285714285715	560	false	false	false	false	false	true	false	false	false	false	false	5	3
3906	374	76	134	false	false	false	false	true	false	false	false	false	false	false	4	2
4040	53	54	201	false	false	false	false	true	false	false	false	false	false	false	4	2
4241	20	53	462	false	false	false	false	true	false	true	false	false	false	false	4	2
4703	74	54	217	false	false	false	false	true	false	false	false	false	false	false	4	2
4920	169.30088495575222	54.969026548672566	452	false	false	false	false	true	false	false	false	false	false	false	4	2
5372	355	58	289	false	false	false	false	true	false	false	false	false	false	false	4	2
5661	30	45	243	false	false	false	false	false	false	true	false	false	false	false	6	4
5904	30	97	215	false	true	false	false	false	false	false	false	false	false	false	1	0
6119	485	229	162	false	false	false	false	false	false	false	false	false	false	true	10	7
6281	554	253	125	true	false	false	false	false	false	false	false	false	false	false	0	0
6406	115	83	135	false	false	false	false	false	false	false	false	false	false	true	10	7
6541	16	70	181	false	false	false	false	false	false	false	false	false	false	false	-1	-1
