t	x	y	dt	axis	axis	axis	graphical element	legend	text (title)	text (paragraph)	text (paragraph)	text (source)	text (axis Label)	data	hit_aoi_index	hit_aoi_group_index
0	288	96	101	false	false	false	false	false	false	false	false	false	false	true	10	7
101	133	77	83	false	false	false	false	false	false	false	false	false	false	false	-1	-1
184	69	34	231	false	false	false	false	false	false	false	false	false	false	false	-1	-1
415	40	30	142	false	false	false	false	false	true	false	false	false	false	false	5	3
557	105	30	127	false	false	false	false	false	true	false	false	false	false	false	5	3
684	38.95876288659794	25.608247422680414	388	false	false	false	false	false	true	false	false	false	false	false	5	3
1072	73	22	151	false	false	false	false	false	true	false	false	false	false	false	5	3
1223	95	22	167	false	false	false	false	false	true	false	false	false	false	false	5	3
1390	139	22	406	false	false	false	false	false	true	false	false	false	false	false	5	3
1796	95	23	129	false	false	false	false	false	true	false	false	false	false	false	5	3
1925	156.14705882352942	25.426470588235293	272	false	false	false	false	false	true	false	false	false	false	false	5	3
2197	221.4468085106383	23.04255319148936	235	false	false	false	false	false	true	false	false	false	false	false	5	3
2432	441	71	253	false	false	false	false	true	false	false	false	false	false	false	4	2
2685	80	331	87	false	false	false	false	false	false	false	false	false	false	true	10	7
2772	62.713467048710605	62.99140401146132	349	false	false	false	false	true	false	false	false	false	false	false	4	2
3121	143	108	105	false	false	false	false	false	false	false	false	false	false	true	10	7
3226	74	92	263	false	false	false	false	false	false	false	false	false	false	true	10	7
3489	55	84	121	false	false	false	false	false	false	false	false	false	false	true	10	7
3610	126	111	178	false	false	false	false	false	false	false	false	false	false	true	10	7
3788	548	74	125	false	false	false	false	false	false	false	false	false	false	false	-1	-1
3913	151	59	102	false	false	false	false	true	false	false	false	false	false	false	4	2
4015	176	43	86	false	false	false	false	false	false	false	false	false	false	false	-1	-1
4101	229	36	103	false	false	false	false	false	false	false	false	false	false	false	-1	-1
4204	489	77	276	false	false	false	false	true	false	false	false	false	false	false	4	2
4480	449	77	112	false	false	false	false	true	false	false	false	false	false	false	4	2
4592	107	122	92	false	false	false	false	false	false	false	false	false	false	true	10	7
4684	124.21428571428571	54.861111111111114	252	false	false	false	false	true	false	false	false	false	false	false	4	2
