t	x	y	dt	axis	axis	axis	graphical element	legend	text (title)	text (paragraph)	text (paragraph)	text (source)	text (axis Label)	data	hit_aoi_index	hit_aoi_group_index
0	292	139	127	false	false	false	false	false	false	false	false	false	false	true	10	7
127	79	74	200	false	false	false	false	true	false	false	false	false	false	false	4	2
327	87	16	435	false	false	false	false	false	true	false	false	false	false	false	5	3
762	52	24	239	false	false	false	false	false	true	false	false	false	false	false	5	3
1001	112	28	187	false	false	false	false	false	true	false	false	false	false	false	5	3
1188	92	91	160	false	false	false	false	false	false	false	false	false	false	true	10	7
1348	49	117	257	false	false	false	false	false	false	false	false	false	false	true	10	7
1605	67	26	428	false	false	false	false	false	true	false	false	false	false	false	5	3
2033	121	25	182	false	false	false	false	false	true	false	false	false	false	false	5	3
2215	306	20	254	false	false	false	false	false	false	false	false	false	false	false	-1	-1
2469	347	22	217	false	false	false	false	false	false	false	false	false	false	false	-1	-1
2686	193	17	225	false	false	false	false	false	true	false	false	false	false	false	5	3
2911	243	23	244	false	false	false	false	false	true	false	false	false	false	false	5	3
3155	496	249	206	false	false	false	false	false	false	false	false	false	false	true	10	7
3361	506	308	205	false	false	false	false	false	false	false	false	false	false	true	10	7
3566	490	330	167	false	false	false	false	false	false	false	false	false	false	true	10	7
3733	79	339	265	false	false	false	false	false	false	false	false	false	false	true	10	7
3998	57.76331360946745	345.1025641025641	507	false	false	false	false	false	false	false	false	false	false	true	10	7
4505	232.58305084745763	325.58983050847456	295	false	false	false	false	false	false	false	false	false	false	true	10	7
4800	549	319	132	false	false	false	false	false	false	false	false	false	false	true	10	7
4932	70	318	299	false	false	false	false	false	false	false	false	false	false	true	10	7
5231	50	332	288	false	false	false	false	false	false	false	false	false	false	true	10	7
5519	120	328	172	false	false	false	false	false	false	false	false	false	false	true	10	7
5691	532.5365025466893	329.3344651952462	589	false	false	false	false	false	false	false	false	false	false	true	10	7
6280	571	348	149	false	false	false	false	false	false	false	false	false	false	false	-1	-1
6429	565	183	164	true	false	false	false	false	false	false	false	false	false	false	0	0
6593	561	12	528	false	false	false	false	false	false	false	false	false	false	false	-1	-1
