t	x	y	dt	axis	axis	axis	graphical element	legend	text (title)	text (paragraph)	text (paragraph)	text (source)	text (axis Label)	data	hit_aoi_index	hit_aoi_group_index
0	250	79	101	false	false	false	false	false	false	false	false	false	false	false	-1	-1
101	86	48	282	false	false	false	false	false	false	true	false	false	false	false	6	4
383	60	31	408	false	false	false	false	false	true	false	false	false	false	false	5	3
791	104	26	203	false	false	false	false	false	true	false	false	false	false	false	5	3
994	145	29	213	false	false	false	false	false	true	false	false	false	false	false	5	3
1207	145	27	233	false	false	false	false	false	true	false	false	false	false	false	5	3
1440	209	23	214	false	false	false	false	false	true	false	false	false	false	false	5	3
1654	236	23	342	false	false	false	false	false	true	false	false	false	false	false	5	3
1996	273	26	200	false	false	false	false	false	true	false	false	false	false	false	5	3
2196	59.29051987767584	25.40978593272171	327	false	false	false	false	false	true	false	false	false	false	false	5	3
2523	559.272373540856	75.24708171206225	514	true	false	false	false	false	false	false	false	false	false	false	0	0
3037	569	256	279	true	false	false	false	false	false	false	false	false	false	false	0	0
3316	67	382	131	false	false	false	false	false	false	false	false	false	false	false	-1	-1
3447	196	384	181	false	false	false	false	false	false	false	false	false	false	false	-1	-1
3628	116	376	224	false	false	false	false	false	false	false	false	true	false	false	8	5
3852	65	372	259	false	false	false	false	false	false	false	false	true	false	false	8	5
4111	584	219	132	false	false	false	false	false	false	false	false	false	false	false	-1	-1
4243	588	117	124	false	false	false	false	false	false	false	false	false	false	false	-1	-1
4367	587	92	300	false	false	false	false	false	false	false	false	false	false	false	-1	-1
4667	566.1524288107203	67.5142378559464	597	false	false	false	false	false	false	false	false	false	true	false	9	6
