t	x	y	dt	axis	axis	axis	graphical element	legend	text (title)	text (paragraph)	text (paragraph)	text (source)	text (axis Label)	data	hit_aoi_index	hit_aoi_group_index
0	95	48	88	false	false	false	false	false	false	true	false	false	false	false	6	4
88	62	27	158	false	false	false	false	false	true	false	false	false	false	false	5	3
246	20.111405835543767	28.73740053050398	377	false	false	false	false	false	true	false	false	false	false	false	5	3
623	57	30	257	false	false	false	false	false	true	false	false	false	false	false	5	3
880	77.78486055776892	20.306772908366533	502	false	false	false	false	false	true	false	false	false	false	false	5	3
1382	125	20	198	false	false	false	false	false	true	false	false	false	false	false	5	3
1580	195	26	193	false	false	false	false	false	true	false	false	false	false	false	5	3
1773	223	24	204	false	false	false	false	false	true	false	false	false	false	false	5	3
1977	199	23	161	false	false	false	false	false	true	false	false	false	false	false	5	3
2138	227	22	129	false	false	false	false	false	true	false	false	false	false	false	5	3
2267	193	18	187	false	false	false	false	false	true	false	false	false	false	false	5	3
2454	227	34	182	false	false	false	false	false	false	false	false	false	false	false	-1	-1
2636	548	126	124	false	false	false	false	false	false	false	false	false	false	false	-1	-1
2760	567	150	191	true	false	false	false	false	false	false	false	false	false	false	0	0
2951	393	185	219	false	false	false	false	false	false	false	false	false	false	true	10	7
3170	45	130	148	false	false	false	false	false	false	false	false	false	false	true	10	7
3318	7	103	211	false	false	false	false	false	false	false	false	false	false	false	-1	-1
3529	24.985010706638114	70.69807280513919	467	false	false	false	false	true	false	false	false	false	false	false	4	2
3996	43	221	261	false	false	false	false	false	false	false	false	false	false	true	10	7
4257	29	142	251	false	true	false	false	false	false	false	false	false	false	false	1	0
4508	555	87	269	true	false	false	false	false	false	false	false	false	false	false	0	0
4777	514.8042959427207	54.60143198090692	419	false	false	false	false	false	false	false	false	false	true	false	9	6
5196	168	251	188	false	false	false	false	false	false	false	false	false	false	true	10	7
5384	400	177	138	false	false	false	false	false	false	false	false	false	false	true	10	7
5522	522	283	330	false	false	false	false	false	false	false	false	false	false	true	10	7
5852	558	372	163	false	false	false	false	false	false	false	true	false	false	false	7	4
6015	426	86	235	false	false	false	false	false	false	false	false	false	false	true	10	7
6250	414	70	144	false	false	false	false	true	false	false	false	false	false	false	4	2
6394	311	63	286	false	false	false	false	true	false	false	false	false	false	false	4	2
6680	530	281	131	false	false	false	false	false	false	false	false	false	false	true	10	7
6811	500.989406779661	358.23093220338984	472	false	false	true	false	false	false	false	false	false	false	false	2	0
7283	37	366	127	false	false	false	false	false	false	false	false	true	false	false	8	5
7410	493	331	191	false	false	false	false	false	false	false	false	false	false	true	10	7
7601	532	349	267	false	false	true	false	false	false	false	false	false	false	false	2	0
7868	565	192	88	true	false	false	false	false	false	false	false	false	false	false	0	0
