t	x	y	dt	axis	axis	axis	graphical element	legend	text (title)	text (paragraph)	text (paragraph)	text (source)	text (axis Label)	data	hit_aoi_index	hit_aoi_group_index
0	318	67	111	false	false	false	false	true	false	false	false	false	false	false	4	2
111	58	33	372	false	false	false	false	false	true	false	false	false	false	false	5	3
483	9	18	815	false	false	false	false	false	false	false	false	false	false	false	-1	-1
1298	67.5695931477516	19.505353319057814	467	false	false	false	false	false	true	false	false	false	false	false	5	3
1765	126.10097719869707	20.88599348534202	614	false	false	false	false	false	true	false	false	false	false	false	5	3
2379	198	7	257	false	false	false	false	false	true	false	false	false	false	false	5	3
2636	242	8	570	false	false	false	false	false	true	false	false	false	false	false	5	3
3206	190	15	167	false	false	false	false	false	true	false	false	false	false	false	5	3
3373	100	353	469	false	false	true	false	false	false	false	false	false	false	false	2	0
3842	55	355	116	false	false	true	false	false	false	false	false	false	false	false	2	0
3958	538	357	118	false	false	true	false	false	false	false	false	false	false	false	2	0
4076	498	348	169	false	false	true	false	false	false	false	false	false	false	false	2	0
4245	524	350	159	false	false	true	false	false	false	false	false	false	false	false	2	0
4404	548	97	145	false	false	false	false	false	false	false	false	false	false	false	-1	-1
4549	556	59	176	false	false	false	false	false	false	false	false	false	true	false	9	6
4725	529.4778761061947	44.690265486725664	339	false	false	false	false	false	false	false	false	false	true	false	9	6
5064	96	41	151	false	false	false	false	false	false	true	false	false	false	false	6	4
5215	41	49	734	false	false	false	false	false	false	true	false	false	false	false	6	4
5949	16	54	319	false	false	false	false	false	false	false	false	false	false	false	-1	-1
6268	71	124	707	false	false	false	false	false	false	false	false	false	false	true	10	7
6975	97	52	270	false	false	false	false	false	false	true	false	false	false	false	6	4
7245	197	115	394	false	false	false	false	false	false	false	false	false	false	true	10	7
7639	169	131	460	false	false	false	false	false	false	false	false	false	false	true	10	7
8099	177.80327868852459	54	427	false	false	false	false	true	false	false	false	false	false	false	4	2
8526	234	46	271	false	false	false	false	false	false	false	false	false	false	false	-1	-1
