t	x	y	dt	axis	axis	axis	graphical element	legend	text (title)	text (paragraph)	text (paragraph)	text (source)	text (axis Label)	data	hit_aoi_index	hit_aoi_group_index
0	250	146	460	false	false	false	false	false	false	false	false	false	false	true	10	7
460	138	89	132	false	false	false	false	false	false	false	false	false	false	true	10	7
592	60.93121693121693	44.35978835978836	945	false	false	false	false	false	false	true	false	false	false	false	6	4
1537	49	27	247	false	false	false	false	false	true	false	false	false	false	false	5	3
1784	117.72388059701493	15.425373134328359	402	false	false	false	false	false	true	false	false	false	false	false	5	3
2186	573.4895591647331	45.01392111368909	431	false	false	false	false	false	false	false	false	false	true	false	9	6
2617	548	10	139	false	false	false	false	false	false	false	false	false	false	false	-1	-1
2756	100	44	190	false	false	false	false	false	false	true	false	false	false	false	6	4
2946	70.06293706293707	32.48951048951049	858	false	false	false	false	false	true	false	false	false	false	false	5	3
3804	130	30	227	false	false	false	false	false	true	false	false	false	false	false	5	3
4031	249	34	548	false	false	false	false	false	false	false	false	false	false	false	-1	-1
4579	206	41	272	false	false	false	false	false	false	false	false	false	false	false	-1	-1
4851	256	37	296	false	false	false	false	false	false	false	false	false	false	false	-1	-1
5147	353	28	114	false	false	false	false	false	false	false	false	false	false	false	-1	-1
5261	393	27	261	false	false	false	false	false	false	false	false	false	false	false	-1	-1
5522	472	25	145	false	false	false	false	false	false	false	false	false	false	false	-1	-1
5667	534	103	140	false	false	false	false	false	false	false	false	false	false	true	10	7
5807	462	156	207	false	false	false	false	false	false	false	false	false	false	true	10	7
6014	126	269	121	false	false	false	false	false	false	false	false	false	false	true	10	7
6135	77	111	455	false	false	false	false	false	false	false	false	false	false	true	10	7
