t	x	y	dt	axis	axis	axis	graphical element	legend	text (title)	text (paragraph)	text (paragraph)	text (source)	text (axis Label)	data	hit_aoi_index	hit_aoi_group_index
0	229	36	147	false	false	false	false	false	false	false	false	false	false	false	-1	-1
147	126	38	146	false	false	false	false	false	false	true	false	false	false	false	6	4
293	184	168	231	false	false	false	false	false	false	false	false	false	false	true	10	7
524	204	234	92	false	false	false	false	false	false	false	false	false	false	true	10	7
616	549.0379746835443	214	158	false	false	false	false	false	false	false	false	false	false	false	-1	-1
774	180	11	209	false	false	false	false	false	true	false	false	false	false	false	5	3
983	21	251	281	false	true	false	false	false	false	false	false	false	false	false	1	0
1264	52	381	201	false	false	false	false	false	false	false	false	false	false	false	-1	-1
1465	201	153	128	false	false	false	false	false	false	false	false	false	false	true	10	7
1593	7	12	194	false	false	false	true	false	false	false	false	false	false	false	3	1
1787	532	18	405	false	false	false	false	false	false	false	false	false	false	false	-1	-1
2192	510	15	143	false	false	false	false	false	false	false	false	false	false	false	-1	-1
2335	379	291	145	false	false	false	false	false	false	false	false	false	false	true	10	7
2480	367	223	128	false	false	false	false	false	false	false	false	false	false	true	10	7
2608	326	195	112	false	false	false	false	false	false	false	false	false	false	true	10	7
2720	454	169	172	false	false	false	false	false	false	false	false	false	false	true	10	7
