t	x	y	dt	axis	axis	axis	graphical element	legend	text (title)	text (paragraph)	text (paragraph)	text (source)	text (axis Label)	data	hit_aoi_index	hit_aoi_group_index
0	248	73	237	false	false	false	false	true	false	false	false	false	false	false	4	2
237	82	32	208	false	false	false	false	false	true	false	false	false	false	false	5	3
445	553	270	243	true	false	false	false	false	false	false	false	false	false	false	0	0
688	528	307	226	false	false	false	false	false	false	false	false	false	false	true	10	7
914	100	318	179	false	false	false	false	false	false	false	false	false	false	true	10	7
1093	81	54	168	false	false	false	false	true	false	false	false	false	false	false	4	2
1261	36	136	206	false	true	false	false	false	false	false	false	false	false	false	1	0
1467	56	297	249	false	false	false	false	false	false	false	false	false	false	true	10	7
1716	205	314	140	false	false	false	false	false	false	false	false	false	false	true	10	7
1856	143	312	169	false	false	false	false	false	false	false	false	false	false	true	10	7
2025	61	307	178	false	false	false	false	false	false	false	false	false	false	true	10	7
2203	21	282	168	false	true	false	false	false	false	false	false	false	false	false	1	0
2371	30	47	540	false	false	false	false	false	false	true	false	false	false	false	6	4
2911	49	17	460	false	false	false	false	false	true	false	false	false	false	false	5	3
3371	111	14	232	false	false	false	false	false	true	false	false	false	false	false	5	3
3603	54	30	166	false	false	false	false	false	true	false	false	false	false	false	5	3
3769	466	5	183	false	false	false	false	false	false	false	false	false	false	false	-1	-1
3952	98	31	304	false	false	false	false	false	true	false	false	false	false	false	5	3
4256	43	24	209	false	false	false	false	false	true	false	false	false	false	false	5	3
4465	61	78	225	false	false	false	false	false	false	false	false	false	false	false	-1	-1
