t	x	y	dt	annotation	annotation	annotation	annotation	axis	axis	graphical element	text (title)	text (paragraph)	text (paragraph)	text (source)	text (axis Label)	text (axis Label)	text (label)	text (label)	text (label)	text (label)	text (label)	text (label)	text (label)	text (label)	text (label)	text (label)	text (label)	text (label)	text (label)	text (label)	text (label)	text (label)	text (label)	text (label)	text (label)	text (label)	data	hit_aoi_index	hit_aoi_group_index
0	353	319	200	false	false	false	false	false	false	false	false	false	false	false	false	false	false	false	false	false	false	false	false	false	false	true	false	false	false	false	false	false	false	false	false	false	true	22	6
200	142	394	200	false	false	false	false	false	false	false	false	false	false	false	false	false	false	false	false	false	false	false	false	false	false	false	false	false	false	false	false	false	false	false	false	false	false	-1	-1
400	105	366	200	false	false	false	false	true	false	false	false	false	false	false	false	false	false	false	false	false	false	false	false	false	false	false	false	false	false	false	false	false	false	false	false	false	false	4	1
600	114	171	200	false	false	false	false	false	false	false	false	false	false	false	false	false	false	false	false	false	false	false	false	false	false	false	false	false	false	false	false	false	false	false	false	false	true	33	7
800	124	132	200	false	false	false	false	false	false	false	false	false	false	false	false	false	false	false	false	false	false	false	false	false	false	false	false	false	false	false	false	false	false	false	false	false	true	33	7
1000	222	129	200	false	false	false	false	false	false	false	false	false	false	false	false	false	false	false	false	false	false	false	false	false	false	false	false	false	false	false	false	false	false	false	false	false	true	33	7
1200	253	140	200	false	false	false	false	false	false	false	false	false	false	false	false	false	false	false	false	false	false	false	false	false	false	false	false	false	false	false	false	false	false	false	false	false	true	33	7
1400	117	382	200	false	false	false	false	false	false	false	false	false	false	false	false	false	false	false	false	false	false	false	false	false	false	false	false	false	false	false	false	false	false	false	false	false	false	-1	-1
1600	96	409	200	false	false	false	false	false	false	false	false	false	false	true	false	false	false	false	false	false	false	false	false	false	false	false	false	false	false	false	false	false	false	false	false	false	false	10	5
1800	114	394	200	false	false	false	false	false	false	false	false	false	false	false	false	false	false	false	false	false	false	false	false	false	false	false	false	false	false	false	false	false	false	false	false	false	false	-1	-1
2000	114	410	200	false	false	false	false	false	false	false	false	false	false	true	false	false	false	false	false	false	false	false	false	false	false	false	false	false	false	false	false	false	false	false	false	false	false	10	5
2200	110	365	200	false	false	false	false	true	false	false	false	false	false	false	false	false	false	false	false	false	false	false	false	false	false	false	false	false	false	false	false	false	false	false	false	false	false	4	1
2400	112	336	200	false	false	false	false	false	false	false	false	false	false	false	false	false	false	false	false	false	false	false	false	false	false	false	false	false	false	false	false	false	false	false	false	false	true	33	7
2600	116	313	200	false	false	false	false	false	false	false	false	false	false	false	false	false	false	false	false	false	false	false	false	false	false	false	false	false	false	false	false	false	false	false	false	false	true	33	7
2800	118	297	200	false	false	false	false	false	false	false	false	false	false	false	false	false	false	false	false	false	false	false	false	false	false	false	false	false	false	false	false	false	false	false	false	false	true	33	7
