t	x	y	dt	annotation	annotation	annotation	annotation	axis	axis	graphical element	text (title)	text (paragraph)	text (paragraph)	text (source)	text (axis Label)	text (axis Label)	text (label)	text (label)	text (label)	text (label)	text (label)	text (label)	text (label)	text (label)	text (label)	text (label)	text (label)	text (label)	text (label)	text (label)	text (label)	text (label)	text (label)	text (label)	text (label)	text (label)	data	hit_aoi_index	hit_aoi_group_index
0	400	160	200	false	false	false	false	false	false	false	false	false	false	false	false	false	false	false	false	false	false	false	false	false	false	false	false	false	false	false	false	false	false	false	false	false	true	33	7
200	95	135	200	false	false	false	false	false	false	false	false	false	false	false	false	false	false	false	false	false	false	false	false	false	false	false	false	false	false	false	false	false	false	false	false	false	true	33	7
400	107	182	200	false	false	false	false	false	false	false	false	false	false	false	false	false	false	false	false	false	false	false	false	false	false	false	false	false	false	false	false	false	false	false	false	false	true	33	7
600	356	123	200	false	false	false	false	false	false	false	false	false	false	false	false	false	false	false	false	false	false	false	false	false	false	false	false	false	false	false	false	false	false	false	false	false	true	33	7
800	83	365	200	false	false	false	false	true	false	false	false	false	false	false	false	false	false	false	false	false	false	false	false	false	false	false	false	false	false	false	false	false	false	false	false	false	false	4	1
1000	88	252	200	false	false	false	false	false	false	false	false	false	false	false	false	false	false	false	false	false	false	false	false	false	false	false	false	false	false	false	false	false	false	false	false	false	true	33	7
1200	115	379	200	false	false	false	false	true	false	false	false	false	false	false	false	false	false	false	false	false	false	false	false	false	false	false	false	false	false	false	false	false	false	false	false	false	false	4	1
