t	x	y	dt	annotation	annotation	annotation	annotation	axis	axis	graphical element	text (title)	text (paragraph)	text (paragraph)	text (source)	text (axis Label)	text (axis Label)	text (label)	text (label)	text (label)	text (label)	text (label)	text (label)	text (label)	text (label)	text (label)	text (label)	text (label)	text (label)	text (label)	text (label)	text (label)	text (label)	text (label)	text (label)	text (label)	text (label)	data	hit_aoi_index	hit_aoi_group_index
0	214	236	200	false	false	false	false	false	false	false	false	false	false	false	false	false	false	false	false	false	false	false	false	false	false	false	false	false	false	false	false	false	false	false	false	false	true	33	7
200	408	207	200	false	false	false	false	false	false	false	false	false	false	false	false	false	false	false	false	false	false	false	false	false	false	false	false	false	false	false	false	false	false	false	false	false	true	33	7
400	188	220	200	false	false	false	false	false	false	false	false	false	false	false	false	false	false	false	false	false	false	false	false	false	false	false	false	false	false	false	false	false	false	false	false	false	true	33	7
600	198	164	200	false	false	false	false	false	false	false	false	false	false	false	false	false	false	false	false	false	false	false	false	false	false	false	false	false	false	false	false	false	false	false	false	false	true	33	7
800	243	117	200	false	false	false	false	false	false	false	false	false	false	false	false	false	false	false	false	false	false	false	false	false	false	false	false	false	false	false	false	false	false	false	false	false	true	33	7
1000	130	99	200	false	false	false	false	false	false	false	false	false	false	false	false	false	false	false	false	false	false	false	false	false	false	false	false	false	false	false	false	false	false	false	false	false	true	33	7
1200	113	80	200	false	false	false	false	false	false	false	false	false	false	false	false	false	false	false	false	false	false	false	false	false	false	false	false	false	false	false	false	false	false	false	false	false	true	33	7
1400	174	87	200	false	false	false	false	false	false	false	false	false	false	false	false	false	false	false	false	false	false	false	false	false	false	false	false	false	false	false	false	false	false	false	false	false	true	33	7
1600	104	132	200	false	false	false	false	false	false	false	false	false	false	false	false	false	false	false	false	false	false	false	false	false	false	false	false	false	false	false	false	false	false	false	false	false	true	33	7
1800	260	391	200	false	false	false	false	false	false	false	false	false	false	false	true	false	false	false	false	false	false	false	false	false	false	false	false	false	false	false	false	false	false	false	false	false	false	11	6
2000	107	377	200	false	false	false	false	true	false	false	false	false	false	false	false	false	false	false	false	false	false	false	false	false	false	false	false	false	false	false	false	false	false	false	false	false	false	4	1
2200	126	301	200	false	false	false	false	false	false	false	false	false	false	false	false	false	false	false	false	false	false	false	false	false	false	false	false	false	false	false	false	false	false	false	false	false	true	33	7
2400	106	261	200	false	false	false	false	false	false	false	false	false	false	false	false	false	false	false	false	false	false	false	false	false	false	false	false	false	false	false	false	false	false	false	false	false	true	33	7
2600	81	301	200	false	false	false	false	false	false	false	false	false	false	false	false	false	false	false	false	false	false	false	false	false	false	false	false	false	false	false	false	false	false	false	false	false	true	33	7
2800	73	341	200	false	false	false	false	false	false	false	false	false	false	false	false	false	false	false	false	false	false	false	false	false	false	false	false	false	false	false	false	false	false	false	false	false	true	33	7
3000	74	377	200	false	false	false	false	true	false	false	false	false	false	false	false	false	false	false	false	false	false	false	false	false	false	false	false	false	false	false	false	false	false	false	false	false	false	4	1
3200	71	397	200	false	false	false	false	false	false	false	false	false	false	false	false	false	false	false	false	false	false	false	false	false	false	false	false	false	false	false	false	false	false	false	false	false	false	-1	-1
3400	66	378	200	false	false	false	false	true	false	false	false	false	false	false	false	false	false	false	false	false	false	false	false	false	false	false	false	false	false	false	false	false	false	false	false	false	false	4	1
3600	70	331	200	false	false	false	false	false	false	false	false	false	false	false	false	false	false	false	false	false	false	false	false	false	false	false	false	false	false	false	false	false	false	false	false	false	true	33	7
3800	71	291	200	false	false	false	false	false	false	false	false	false	false	false	false	false	false	false	false	false	false	false	false	false	false	false	false	false	false	false	false	false	false	false	false	false	true	33	7
4000	591	403	200	false	false	false	false	false	false	false	false	false	false	false	false	false	false	false	false	false	false	false	false	false	false	false	false	false	false	false	false	false	false	false	false	false	false	-1	-1
4200	100	342	200	false	false	false	false	false	false	false	false	false	false	false	false	false	false	false	false	false	false	false	false	false	false	false	false	false	false	false	false	false	false	false	false	false	true	33	7
4400	111	220	200	false	false	false	false	false	false	false	false	false	false	false	false	false	false	false	false	false	false	false	false	false	false	false	false	false	false	false	false	false	false	false	false	false	true	33	7
4600	424	305	200	false	false	false	false	false	false	false	false	false	false	false	false	false	false	false	false	false	false	false	false	false	false	false	false	false	false	false	false	false	false	false	false	false	true	33	7
4800	249	369	200	false	false	false	false	true	false	false	false	false	false	false	false	false	false	false	false	false	false	false	false	false	false	false	false	false	false	false	false	false	false	false	false	false	false	4	1
5000	101	355	200	false	false	false	false	true	false	false	false	false	false	false	false	false	false	false	false	false	false	false	false	false	false	false	false	false	false	false	false	false	false	false	false	false	false	4	1
5200	96	345	200	false	false	false	false	false	false	false	false	false	false	false	false	false	false	false	false	false	false	false	false	false	false	false	false	false	false	false	false	false	false	false	false	false	true	33	7
5400	106	371	200	false	false	false	false	true	false	false	false	false	false	false	false	false	false	false	false	false	false	false	false	false	false	false	false	false	false	false	false	false	false	false	false	false	false	4	1
5600	71	378	200	false	false	false	false	true	false	false	false	false	false	false	false	false	false	false	false	false	false	false	false	false	false	false	false	false	false	false	false	false	false	false	false	false	false	4	1
5800	74	328	200	false	false	false	false	false	false	false	false	false	false	false	false	false	false	false	false	false	false	false	false	false	false	false	false	false	false	false	false	false	false	false	false	false	true	33	7
6000	73	340	200	false	false	false	false	false	false	false	false	false	false	false	false	false	false	false	false	false	false	false	false	false	false	false	false	false	false	false	false	false	false	false	false	false	true	33	7
6200	303	135	200	false	false	false	false	false	false	false	false	false	false	false	false	false	false	false	false	false	false	false	false	false	false	false	false	false	false	false	false	false	false	false	false	false	true	33	7
